﻿<?xml version="1.0" encoding="utf-8"?>
<Symbols>
  <Symbol FileName="tesa o2p.bmp" Transparent="false" Width="805" Height="591" />
  <Symbol FileName="globe.bmp" Transparent="true" Width="58" Height="58" />
  <Symbol FileName="home.bmp" Transparent="true" Width="58" Height="58" />
  <Symbol FileName="12312313121.bmp" Transparent="false" Width="234" Height="79" />
  <Symbol FileName="log in (1).bmp" Transparent="true" Width="95" Height="100" />
  <Symbol FileName="log in.bmp" Transparent="true" Width="50" Height="50" />
  <Symbol FileName="1074100_612878878863480_419287768912462570_o.bmp" Transparent="false" Width="258" Height="103" />
  <Symbol FileName="trend.bmp" Transparent="true" Width="60" Height="60" />
  <Symbol FileName="play.bmp" Transparent="true" Width="60" Height="60" />
  <Symbol FileName="edit user.bmp" Transparent="true" Width="60" Height="60" />
  <Symbol FileName="alarm.bmp" Transparent="true" Width="60" Height="60" />
  <Symbol FileName="tesa ızleme - jpg (2).bmp" Transparent="false" Width="807" Height="346" />
  <Symbol FileName="yeni bit eşlem resmi.bmp" Transparent="false" Width="807" Height="149" />
  <Symbol FileName="hand valve 2.bmp" Transparent="false" Width="19" Height="18" />
  <Symbol FileName="hand valve 3.bmp" Transparent="false" Width="19" Height="17" />
  <Symbol FileName="gri1 (2).bmp" Transparent="false" Width="19" Height="18" />
  <Symbol FileName="gri2.bmp" Transparent="false" Width="19" Height="17" />
  <Symbol FileName="42859629-water-drop-icon-liquid-sign-freshness-condensation-or-washing--stock-photo.bmp" Transparent="false" Width="83" Height="78" />
  <Symbol FileName="adsız (1).bmp" Transparent="false" Width="174" Height="99" />
  <Symbol FileName="tesa1.bmp" Transparent="false" Width="1062" Height="554" />
</Symbols>